{
  "formatVersion": 1,
  "database": {
    "version": 2,
    "identityHash": "e9c06730fbcfbe714f36d5008bc4a87e",
    "entities": [
      {
        "tableName": "CustomerTable",
        "createSql": "CREATE TABLE IF NOT EXISTS `${TABLE_NAME}` (`id` INTEGER PRIMARY KEY AUTOINCREMENT NOT NULL, `customerId` TEXT NOT NULL, `customerName` TEXT, `customerCode` TEXT, `customerType` TEXT, `customerTypeID` TEXT, `division` TEXT, `divisionId` TEXT, `connectedDepo` TEXT, `mobile` TEXT, `primaryID` TEXT, `salesDistrict` TEXT, `zone` TEXT, `timeStamp` INTEGER NOT NULL)",
        "fields": [
          {
            "fieldPath": "id",
            "columnName": "id",
            "affinity": "INTEGER",
            "notNull": true
          },
          {
            "fieldPath": "customerId",
            "columnName": "customerId",
            "affinity": "TEXT",
            "notNull": true
          },
          {
            "fieldPath": "customerName",
            "columnName": "customerName",
            "affinity": "TEXT",
            "notNull": false
          },
          {
            "fieldPath": "customerCode",
            "columnName": "customerCode",
            "affinity": "TEXT",
            "notNull": false
          },
          {
            "fieldPath": "customerType",
            "columnName": "customerType",
            "affinity": "TEXT",
            "notNull": false
          },
          {
            "fieldPath": "customerTypeID",
            "columnName": "customerTypeID",
            "affinity": "TEXT",
            "notNull": false
          },
          {
            "fieldPath": "division",
            "columnName": "division",
            "affinity": "TEXT",
            "notNull": false
          },
          {
            "fieldPath": "divisionId",
            "columnName": "divisionId",
            "affinity": "TEXT",
            "notNull": false
          },
          {
            "fieldPath": "connectedDepo",
            "columnName": "connectedDepo",
            "affinity": "TEXT",
            "notNull": false
          },
          {
            "fieldPath": "mobile",
            "columnName": "mobile",
            "affinity": "TEXT",
            "notNull": false
          },
          {
            "fieldPath": "primaryID",
            "columnName": "primaryID",
            "affinity": "TEXT",
            "notNull": false
          },
          {
            "fieldPath": "salesDistrict",
            "columnName": "salesDistrict",
            "affinity": "TEXT",
            "notNull": false
          },
          {
            "fieldPath": "zone",
            "columnName": "zone",
            "affinity": "TEXT",
            "notNull": false
          },
          {
            "fieldPath": "timestamp",
            "columnName": "timeStamp",
            "affinity": "INTEGER",
            "notNull": true
          }
        ],
        "primaryKey": {
          "columnNames": [
            "id"
          ],
          "autoGenerate": true
        },
        "indices": [],
        "foreignKeys": []
      },
      {
        "tableName": "ItemTable",
        "createSql": "CREATE TABLE IF NOT EXISTS `${TABLE_NAME}` (`id` INTEGER PRIMARY KEY AUTOINCREMENT NOT NULL, `modelID` TEXT, `divisionID` TEXT, `segmentID` TEXT, `modelCode` TEXT, `modelDescription` TEXT, `imgPath` TEXT, `price` TEXT, `discountCount` TEXT, `discountId` TEXT, `discountDesc` TEXT, `timeStamp` INTEGER NOT NULL)",
        "fields": [
          {
            "fieldPath": "id",
            "columnName": "id",
            "affinity": "INTEGER",
            "notNull": true
          },
          {
            "fieldPath": "modelID",
            "columnName": "modelID",
            "affinity": "TEXT",
            "notNull": false
          },
          {
            "fieldPath": "divisionID",
            "columnName": "divisionID",
            "affinity": "TEXT",
            "notNull": false
          },
          {
            "fieldPath": "segmentID",
            "columnName": "segmentID",
            "affinity": "TEXT",
            "notNull": false
          },
          {
            "fieldPath": "modelCode",
            "columnName": "modelCode",
            "affinity": "TEXT",
            "notNull": false
          },
          {
            "fieldPath": "modelDescription",
            "columnName": "modelDescription",
            "affinity": "TEXT",
            "notNull": false
          },
          {
            "fieldPath": "imgPath",
            "columnName": "imgPath",
            "affinity": "TEXT",
            "notNull": false
          },
          {
            "fieldPath": "price",
            "columnName": "price",
            "affinity": "TEXT",
            "notNull": false
          },
          {
            "fieldPath": "discountCount",
            "columnName": "discountCount",
            "affinity": "TEXT",
            "notNull": false
          },
          {
            "fieldPath": "discountId",
            "columnName": "discountId",
            "affinity": "TEXT",
            "notNull": false
          },
          {
            "fieldPath": "discountDesc",
            "columnName": "discountDesc",
            "affinity": "TEXT",
            "notNull": false
          },
          {
            "fieldPath": "timestamp",
            "columnName": "timeStamp",
            "affinity": "INTEGER",
            "notNull": true
          }
        ],
        "primaryKey": {
          "columnNames": [
            "id"
          ],
          "autoGenerate": true
        },
        "indices": [
          {
            "name": "index_ItemTable_modelID",
            "unique": true,
            "columnNames": [
              "modelID"
            ],
            "createSql": "CREATE UNIQUE INDEX `index_ItemTable_modelID` ON `${TABLE_NAME}` (`modelID`)"
          }
        ],
        "foreignKeys": []
      },
      {
        "tableName": "VariantTable",
        "createSql": "CREATE TABLE IF NOT EXISTS `${TABLE_NAME}` (`id` INTEGER PRIMARY KEY AUTOINCREMENT NOT NULL, `modelID` TEXT, `divisionID` TEXT, `materialID` TEXT, `mDescription` TEXT, `mDescriptionLong` TEXT, `mCode` TEXT, `modelColor` TEXT, `price` TEXT, `discountCount` TEXT, `discountId` TEXT, `discountDesc` TEXT, `materialImgPath` TEXT, `specsUrl` TEXT, `catalogUrl` TEXT, `brochureUrl` TEXT, `isOpenPrice` INTEGER, `stackSize` INTEGER NOT NULL, `packSize` INTEGER NOT NULL, FOREIGN KEY(`modelID`) REFERENCES `ItemTable`(`modelID`) ON UPDATE NO ACTION ON DELETE CASCADE )",
        "fields": [
          {
            "fieldPath": "id",
            "columnName": "id",
            "affinity": "INTEGER",
            "notNull": true
          },
          {
            "fieldPath": "modelID",
            "columnName": "modelID",
            "affinity": "TEXT",
            "notNull": false
          },
          {
            "fieldPath": "divisionID",
            "columnName": "divisionID",
            "affinity": "TEXT",
            "notNull": false
          },
          {
            "fieldPath": "materialID",
            "columnName": "materialID",
            "affinity": "TEXT",
            "notNull": false
          },
          {
            "fieldPath": "mDescription",
            "columnName": "mDescription",
            "affinity": "TEXT",
            "notNull": false
          },
          {
            "fieldPath": "mDescriptionLong",
            "columnName": "mDescriptionLong",
            "affinity": "TEXT",
            "notNull": false
          },
          {
            "fieldPath": "mCode",
            "columnName": "mCode",
            "affinity": "TEXT",
            "notNull": false
          },
          {
            "fieldPath": "modelColor",
            "columnName": "modelColor",
            "affinity": "TEXT",
            "notNull": false
          },
          {
            "fieldPath": "price",
            "columnName": "price",
            "affinity": "TEXT",
            "notNull": false
          },
          {
            "fieldPath": "discountCount",
            "columnName": "discountCount",
            "affinity": "TEXT",
            "notNull": false
          },
          {
            "fieldPath": "discountId",
            "columnName": "discountId",
            "affinity": "TEXT",
            "notNull": false
          },
          {
            "fieldPath": "discountDesc",
            "columnName": "discountDesc",
            "affinity": "TEXT",
            "notNull": false
          },
          {
            "fieldPath": "materialImgPath",
            "columnName": "materialImgPath",
            "affinity": "TEXT",
            "notNull": false
          },
          {
            "fieldPath": "specsUrl",
            "columnName": "specsUrl",
            "affinity": "TEXT",
            "notNull": false
          },
          {
            "fieldPath": "catalogUrl",
            "columnName": "catalogUrl",
            "affinity": "TEXT",
            "notNull": false
          },
          {
            "fieldPath": "brochureUrl",
            "columnName": "brochureUrl",
            "affinity": "TEXT",
            "notNull": false
          },
          {
            "fieldPath": "isOpenPrice",
            "columnName": "isOpenPrice",
            "affinity": "INTEGER",
            "notNull": false
          },
          {
            "fieldPath": "stackSize",
            "columnName": "stackSize",
            "affinity": "INTEGER",
            "notNull": true
          },
          {
            "fieldPath": "packSize",
            "columnName": "packSize",
            "affinity": "INTEGER",
            "notNull": true
          }
        ],
        "primaryKey": {
          "columnNames": [
            "id"
          ],
          "autoGenerate": true
        },
        "indices": [
          {
            "name": "index_VariantTable_modelID",
            "unique": false,
            "columnNames": [
              "modelID"
            ],
            "createSql": "CREATE  INDEX `index_VariantTable_modelID` ON `${TABLE_NAME}` (`modelID`)"
          }
        ],
        "foreignKeys": [
          {
            "table": "ItemTable",
            "onDelete": "CASCADE",
            "onUpdate": "NO ACTION",
            "columns": [
              "modelID"
            ],
            "referencedColumns": [
              "modelID"
            ]
          }
        ]
      },
      {
        "tableName": "CartDetails",
        "createSql": "CREATE TABLE IF NOT EXISTS `${TABLE_NAME}` (`id` INTEGER PRIMARY KEY AUTOINCREMENT NOT NULL, `materialID` TEXT, `mCode` TEXT, `mDescription` TEXT, `deliveryDate` TEXT, `quantity` TEXT, `timeStamp` TEXT, `imgPath` TEXT, `price` TEXT, `cartHeaderId` TEXT, `cartDetailsId` TEXT, `customerId` INTEGER NOT NULL, `isInActive` INTEGER NOT NULL, `isUpdated` INTEGER NOT NULL)",
        "fields": [
          {
            "fieldPath": "id",
            "columnName": "id",
            "affinity": "INTEGER",
            "notNull": true
          },
          {
            "fieldPath": "materialID",
            "columnName": "materialID",
            "affinity": "TEXT",
            "notNull": false
          },
          {
            "fieldPath": "mCode",
            "columnName": "mCode",
            "affinity": "TEXT",
            "notNull": false
          },
          {
            "fieldPath": "mDescription",
            "columnName": "mDescription",
            "affinity": "TEXT",
            "notNull": false
          },
          {
            "fieldPath": "deliveryDate",
            "columnName": "deliveryDate",
            "affinity": "TEXT",
            "notNull": false
          },
          {
            "fieldPath": "quantity",
            "columnName": "quantity",
            "affinity": "TEXT",
            "notNull": false
          },
          {
            "fieldPath": "timeStamp",
            "columnName": "timeStamp",
            "affinity": "TEXT",
            "notNull": false
          },
          {
            "fieldPath": "imgPath",
            "columnName": "imgPath",
            "affinity": "TEXT",
            "notNull": false
          },
          {
            "fieldPath": "price",
            "columnName": "price",
            "affinity": "TEXT",
            "notNull": false
          },
          {
            "fieldPath": "cartHeaderId",
            "columnName": "cartHeaderId",
            "affinity": "TEXT",
            "notNull": false
          },
          {
            "fieldPath": "cartDetailsId",
            "columnName": "cartDetailsId",
            "affinity": "TEXT",
            "notNull": false
          },
          {
            "fieldPath": "customerId",
            "columnName": "customerId",
            "affinity": "INTEGER",
            "notNull": true
          },
          {
            "fieldPath": "isInActive",
            "columnName": "isInActive",
            "affinity": "INTEGER",
            "notNull": true
          },
          {
            "fieldPath": "isUpdated",
            "columnName": "isUpdated",
            "affinity": "INTEGER",
            "notNull": true
          }
        ],
        "primaryKey": {
          "columnNames": [
            "id"
          ],
          "autoGenerate": true
        },
        "indices": [
          {
            "name": "index_CartDetails_materialID",
            "unique": true,
            "columnNames": [
              "materialID"
            ],
            "createSql": "CREATE UNIQUE INDEX `index_CartDetails_materialID` ON `${TABLE_NAME}` (`materialID`)"
          }
        ],
        "foreignKeys": []
      },
      {
        "tableName": "UserDivisionCustTable",
        "createSql": "CREATE TABLE IF NOT EXISTS `${TABLE_NAME}` (`id` INTEGER PRIMARY KEY AUTOINCREMENT NOT NULL, `userId` TEXT, `customerId` TEXT, `divisionId` TEXT)",
        "fields": [
          {
            "fieldPath": "id",
            "columnName": "id",
            "affinity": "INTEGER",
            "notNull": true
          },
          {
            "fieldPath": "userId",
            "columnName": "userId",
            "affinity": "TEXT",
            "notNull": false
          },
          {
            "fieldPath": "customerId",
            "columnName": "customerId",
            "affinity": "TEXT",
            "notNull": false
          },
          {
            "fieldPath": "divisionId",
            "columnName": "divisionId",
            "affinity": "TEXT",
            "notNull": false
          }
        ],
        "primaryKey": {
          "columnNames": [
            "id"
          ],
          "autoGenerate": true
        },
        "indices": [],
        "foreignKeys": []
      },
      {
        "tableName": "CartHeader",
        "createSql": "CREATE TABLE IF NOT EXISTS `${TABLE_NAME}` (`id` INTEGER PRIMARY KEY AUTOINCREMENT NOT NULL, `customerID` INTEGER NOT NULL, `customerName` TEXT, `cartHeaderID` INTEGER NOT NULL, `creditLimit` REAL NOT NULL, `isInActive` INTEGER NOT NULL, `isCreditLimit` INTEGER NOT NULL, `isApproved` INTEGER NOT NULL, `isFulfillmentCompleted` INTEGER NOT NULL, `timeStamp` TEXT)",
        "fields": [
          {
            "fieldPath": "id",
            "columnName": "id",
            "affinity": "INTEGER",
            "notNull": true
          },
          {
            "fieldPath": "customerID",
            "columnName": "customerID",
            "affinity": "INTEGER",
            "notNull": true
          },
          {
            "fieldPath": "customerName",
            "columnName": "customerName",
            "affinity": "TEXT",
            "notNull": false
          },
          {
            "fieldPath": "cartHeaderID",
            "columnName": "cartHeaderID",
            "affinity": "INTEGER",
            "notNull": true
          },
          {
            "fieldPath": "creditLimit",
            "columnName": "creditLimit",
            "affinity": "REAL",
            "notNull": true
          },
          {
            "fieldPath": "isInActive",
            "columnName": "isInActive",
            "affinity": "INTEGER",
            "notNull": true
          },
          {
            "fieldPath": "isCreditLimit",
            "columnName": "isCreditLimit",
            "affinity": "INTEGER",
            "notNull": true
          },
          {
            "fieldPath": "isApproved",
            "columnName": "isApproved",
            "affinity": "INTEGER",
            "notNull": true
          },
          {
            "fieldPath": "isFulfillmentCompleted",
            "columnName": "isFulfillmentCompleted",
            "affinity": "INTEGER",
            "notNull": true
          },
          {
            "fieldPath": "timeStamp",
            "columnName": "timeStamp",
            "affinity": "TEXT",
            "notNull": false
          }
        ],
        "primaryKey": {
          "columnNames": [
            "id"
          ],
          "autoGenerate": true
        },
        "indices": [],
        "foreignKeys": []
      }
    ],
    "setupQueries": [
      "CREATE TABLE IF NOT EXISTS room_master_table (id INTEGER PRIMARY KEY,identity_hash TEXT)",
      "INSERT OR REPLACE INTO room_master_table (id,identity_hash) VALUES(42, \"e9c06730fbcfbe714f36d5008bc4a87e\")"
    ]
  }
}