{
  "formatVersion": 1,
  "database": {
    "version": 2,
    "identityHash": "cc4b22de1bcfdbdf5e2dee94f67dbb36",
    "entities": [
      {
        "tableName": "CustomerTable",
        "createSql": "CREATE TABLE IF NOT EXISTS `${TABLE_NAME}` (`id` INTEGER PRIMARY KEY AUTOINCREMENT NOT NULL, `customerId` TEXT NOT NULL, `custName` TEXT, `custCode` TEXT, `custType` TEXT, `division` TEXT, `connectedDepo` TEXT, `mobile` TEXT, `primaryID` TEXT, `salesDistrict` TEXT, `zone` TEXT, `timeStamp` INTEGER NOT NULL)",
        "fields": [
          {
            "fieldPath": "id",
            "columnName": "id",
            "affinity": "INTEGER",
            "notNull": true
          },
          {
            "fieldPath": "customerId",
            "columnName": "customerId",
            "affinity": "TEXT",
            "notNull": true
          },
          {
            "fieldPath": "custName",
            "columnName": "custName",
            "affinity": "TEXT",
            "notNull": false
          },
          {
            "fieldPath": "custCode",
            "columnName": "custCode",
            "affinity": "TEXT",
            "notNull": false
          },
          {
            "fieldPath": "custType",
            "columnName": "custType",
            "affinity": "TEXT",
            "notNull": false
          },
          {
            "fieldPath": "division",
            "columnName": "division",
            "affinity": "TEXT",
            "notNull": false
          },
          {
            "fieldPath": "connectedDepo",
            "columnName": "connectedDepo",
            "affinity": "TEXT",
            "notNull": false
          },
          {
            "fieldPath": "mobile",
            "columnName": "mobile",
            "affinity": "TEXT",
            "notNull": false
          },
          {
            "fieldPath": "primaryID",
            "columnName": "primaryID",
            "affinity": "TEXT",
            "notNull": false
          },
          {
            "fieldPath": "salesDistrict",
            "columnName": "salesDistrict",
            "affinity": "TEXT",
            "notNull": false
          },
          {
            "fieldPath": "zone",
            "columnName": "zone",
            "affinity": "TEXT",
            "notNull": false
          },
          {
            "fieldPath": "timestamp",
            "columnName": "timeStamp",
            "affinity": "INTEGER",
            "notNull": true
          }
        ],
        "primaryKey": {
          "columnNames": [
            "id"
          ],
          "autoGenerate": true
        },
        "indices": [],
        "foreignKeys": []
      },
      {
        "tableName": "ItemTable",
        "createSql": "CREATE TABLE IF NOT EXISTS `${TABLE_NAME}` (`id` INTEGER PRIMARY KEY AUTOINCREMENT NOT NULL, `modelID` TEXT, `modelCode` TEXT, `modelDescription` TEXT, `imgPath` TEXT, `varientList` TEXT, `price` INTEGER NOT NULL, `discount` INTEGER NOT NULL, `timeStamp` INTEGER NOT NULL)",
        "fields": [
          {
            "fieldPath": "id",
            "columnName": "id",
            "affinity": "INTEGER",
            "notNull": true
          },
          {
            "fieldPath": "modelID",
            "columnName": "modelID",
            "affinity": "TEXT",
            "notNull": false
          },
          {
            "fieldPath": "modelCode",
            "columnName": "modelCode",
            "affinity": "TEXT",
            "notNull": false
          },
          {
            "fieldPath": "modelDescription",
            "columnName": "modelDescription",
            "affinity": "TEXT",
            "notNull": false
          },
          {
            "fieldPath": "imgPath",
            "columnName": "imgPath",
            "affinity": "TEXT",
            "notNull": false
          },
          {
            "fieldPath": "varientList",
            "columnName": "varientList",
            "affinity": "TEXT",
            "notNull": false
          },
          {
            "fieldPath": "price",
            "columnName": "price",
            "affinity": "INTEGER",
            "notNull": true
          },
          {
            "fieldPath": "discount",
            "columnName": "discount",
            "affinity": "INTEGER",
            "notNull": true
          },
          {
            "fieldPath": "timestamp",
            "columnName": "timeStamp",
            "affinity": "INTEGER",
            "notNull": true
          }
        ],
        "primaryKey": {
          "columnNames": [
            "id"
          ],
          "autoGenerate": true
        },
        "indices": [],
        "foreignKeys": []
      },
      {
        "tableName": "VariantTable",
        "createSql": "CREATE TABLE IF NOT EXISTS `${TABLE_NAME}` (`id` INTEGER PRIMARY KEY AUTOINCREMENT NOT NULL, `modelID` TEXT, `MaterialID` TEXT, `MDescription` TEXT, `MDescriptionLong` TEXT, `Mcode` TEXT, `ModelColor` TEXT, FOREIGN KEY(`modelID`) REFERENCES `ItemTable`(`modelID`) ON UPDATE NO ACTION ON DELETE CASCADE )",
        "fields": [
          {
            "fieldPath": "id",
            "columnName": "id",
            "affinity": "INTEGER",
            "notNull": true
          },
          {
            "fieldPath": "modelID",
            "columnName": "modelID",
            "affinity": "TEXT",
            "notNull": false
          },
          {
            "fieldPath": "materialID",
            "columnName": "MaterialID",
            "affinity": "TEXT",
            "notNull": false
          },
          {
            "fieldPath": "mDescription",
            "columnName": "MDescription",
            "affinity": "TEXT",
            "notNull": false
          },
          {
            "fieldPath": "mDescriptionLong",
            "columnName": "MDescriptionLong",
            "affinity": "TEXT",
            "notNull": false
          },
          {
            "fieldPath": "mCode",
            "columnName": "Mcode",
            "affinity": "TEXT",
            "notNull": false
          },
          {
            "fieldPath": "modelColor",
            "columnName": "ModelColor",
            "affinity": "TEXT",
            "notNull": false
          }
        ],
        "primaryKey": {
          "columnNames": [
            "id"
          ],
          "autoGenerate": true
        },
        "indices": [],
        "foreignKeys": [
          {
            "table": "ItemTable",
            "onDelete": "CASCADE",
            "onUpdate": "NO ACTION",
            "columns": [
              "modelID"
            ],
            "referencedColumns": [
              "modelID"
            ]
          }
        ]
      }
    ],
    "setupQueries": [
      "CREATE TABLE IF NOT EXISTS room_master_table (id INTEGER PRIMARY KEY,identity_hash TEXT)",
      "INSERT OR REPLACE INTO room_master_table (id,identity_hash) VALUES(42, \"cc4b22de1bcfdbdf5e2dee94f67dbb36\")"
    ]
  }
}